sample,hclust_cluster,kmeans_cluster,cluster_consensus
GSM329407,3,2,0.47480350732803345
GSM329408,3,3,0.4829641878604889
GSM329409,3,3,0.4647217392921448
GSM329410,3,3,0.5059067606925964
GSM329411,5,4,0.9321972131729126
GSM329412,3,4,0.27137646079063416
GSM329413,5,4,0.932646632194519
GSM329414,3,4,0.3699305057525635
GSM329415,3,1,0.4178728461265564
GSM329416,5,4,0.9358456134796143
GSM329417,3,2,0.4788126051425934
GSM329418,3,3,0.4230223596096039
GSM329419,5,4,0.928165078163147
GSM329420,3,3,0.9624224901199341
GSM329421,3,3,0.9620938301086426
GSM329422,3,3,0.9613178372383118
GSM329423,3,3,0.9648164510726929
GSM329424,3,3,0.9647167325019836
GSM329425,3,3,0.9627422094345093
GSM329426,3,3,0.9647046327590942
GSM329427,3,3,0.9580853581428528
GSM329428,3,3,0.9625861048698425
GSM329429,3,3,0.9631962180137634
GSM329430,3,3,0.9640001654624939
GSM329431,3,3,0.9607799053192139
GSM329432,3,3,0.9590809345245361
GSM329433,3,3,0.9618070721626282
GSM329434,3,3,0.9650825262069702
GSM329435,3,3,0.9650418758392334
GSM329436,3,3,0.9618656635284424
GSM329437,3,3,0.9619256258010864
GSM329438,3,3,0.966605544090271
GSM329439,3,3,0.964577853679657
GSM329440,3,3,0.9620301127433777
GSM329441,3,3,0.9638952612876892
GSM329442,3,3,0.9596294164657593
GSM329443,3,3,0.798367977142334
GSM329444,3,3,0.910459578037262
GSM329445,3,3,0.9642205238342285
GSM329446,3,3,0.9644805192947388
GSM329447,3,3,0.8581427335739136
GSM329448,3,3,0.9620530605316162
GSM329449,3,3,0.9597671031951904
GSM329450,3,3,0.9664152264595032
GSM329451,3,3,0.9650726914405823
GSM329452,3,3,0.9679685235023499
GSM329453,3,3,0.9634271860122681
GSM329454,3,3,0.961598813533783
GSM329455,3,3,0.9609057903289795
GSM329456,3,3,0.9621209502220154
GSM329457,3,3,0.9636785984039307
GSM329458,3,3,0.9626945853233337
GSM329459,3,3,0.6993383765220642
GSM329460,3,3,0.9633238911628723
GSM329461,3,3,0.9632139801979065
GSM329462,3,3,0.9597294330596924
GSM329463,3,3,0.9596216082572937
GSM329464,3,3,0.9617362022399902
GSM329465,3,3,0.8517665863037109
GSM329466,4,1,0.7114611268043518
GSM329467,3,3,0.9657062888145447
GSM329468,3,3,0.9641261100769043
GSM329469,3,3,0.9674215912818909
GSM329470,3,3,0.9638237953186035
GSM329471,3,3,0.9621541500091553
GSM329472,3,3,0.9626509547233582
GSM329473,3,3,0.9602404236793518
GSM329474,3,3,0.9620810151100159
GSM329475,3,3,0.9645845890045166
GSM329476,3,3,0.9618542194366455
GSM329477,3,3,0.965146541595459
GSM329478,3,3,0.9635558128356934
GSM329479,3,3,0.96250319480896
GSM329480,3,3,0.9615762233734131
GSM329481,3,3,0.964143693447113
GSM329482,3,3,0.9632240533828735
GSM329483,3,3,0.9631600379943848
GSM329484,3,3,0.9614911079406738
GSM329485,3,3,0.9611709117889404
GSM329486,3,3,0.9595050811767578
GSM329487,3,3,0.9639809131622314
GSM329488,3,3,0.9605206251144409
GSM329489,3,3,0.9628790616989136
GSM329490,3,3,0.9610843062400818
GSM329491,3,3,0.9611908197402954
GSM329716,3,3,0.9648668766021729
GSM329717,3,3,0.9610835313796997
GSM329718,3,3,0.9619847536087036
GSM329719,3,3,0.9624799489974976
GSM329720,3,3,0.9665687084197998
GSM329721,3,3,0.9599450826644897
GSM329722,3,3,0.9623132348060608
GSM329723,3,3,0.961131751537323
GSM329724,3,3,0.9614795446395874
GSM329725,3,3,0.9635839462280273
GSM329726,3,3,0.9594579935073853
GSM329727,3,3,0.9656389355659485
GSM329728,3,3,0.8695627450942993
GSM329729,3,1,0.4063751995563507
GSM329730,3,3,0.7623258233070374
GSM329731,3,3,0.9639543294906616
GSM329732,3,3,0.9587031602859497
GSM329733,3,3,0.962340235710144
GSM329734,3,3,0.9662975668907166
GSM329735,3,3,0.9640436768531799
GSM329736,3,3,0.9643051624298096
GSM329737,3,1,0.4945138096809387
GSM329738,3,3,0.9609830975532532
GSM329739,3,3,0.7957234978675842
GSM329740,3,3,0.962922990322113
GSM329741,3,3,0.8943568468093872
GSM329742,3,4,0.4385160207748413
GSM329743,3,3,0.9617141485214233
GSM329744,3,3,0.9586841464042664
GSM329745,3,3,0.9674422144889832
GSM329746,3,3,0.9629482626914978
GSM329747,3,3,0.9593536853790283
GSM329748,3,3,0.961240828037262
GSM329749,3,3,0.9640723466873169
GSM329750,3,3,0.9666017889976501
GSM329751,3,3,0.963371217250824
GSM329752,3,3,0.9647551774978638
GSM329753,3,3,0.8994001150131226
GSM329754,3,3,0.9637044072151184
GSM329755,3,3,0.9632023572921753
GSM329756,3,3,0.9629095792770386
GSM329757,3,3,0.9619269371032715
GSM329758,3,3,0.9075942635536194
GSM329759,3,3,0.9108104109764099
GSM329760,3,3,0.9682115912437439
GSM329761,3,3,0.9647456407546997
GSM329762,3,3,0.9625541567802429
GSM329763,3,3,0.9641599655151367
GSM329764,3,3,0.9615893959999084
GSM329765,3,3,0.963899552822113
GSM329766,3,3,0.9080168008804321
GSM329767,3,3,0.9628390073776245
GSM329768,3,3,0.9625370502471924
GSM329769,3,3,0.9605921506881714
GSM329770,3,3,0.9632138013839722
GSM329771,3,1,0.4880780577659607
GSM329772,3,3,0.9610098600387573
GSM329773,3,3,0.9629036784172058
GSM329774,3,3,0.8912709951400757
GSM329775,3,3,0.9633076190948486
GSM329776,3,3,0.9624702334403992
GSM329777,3,3,0.9639482498168945
GSM329778,3,3,0.966929018497467
GSM329779,3,3,0.961987316608429
GSM329780,3,3,0.9096340537071228
GSM329781,3,3,0.9610293507575989
GSM329782,3,3,0.9600821733474731
GSM329783,3,3,0.9633529782295227
GSM329784,3,1,0.38414135575294495
GSM329785,3,3,0.9648785591125488
GSM329786,3,3,0.9636660814285278
GSM329787,3,3,0.9605783820152283
GSM329788,3,3,0.9612752199172974
GSM329789,3,3,0.963492214679718
GSM329790,3,3,0.9621029496192932
GSM329791,3,3,0.9660789966583252
GSM329792,3,3,0.9639785289764404
GSM329793,5,4,0.8828049898147583
GSM329794,3,3,0.9617167115211487
GSM329795,3,3,0.9628282785415649
GSM329796,3,3,0.9653081297874451
GSM329797,3,3,0.9614515900611877
GSM329798,3,3,0.9625712037086487
GSM329799,3,3,0.9679756164550781
GSM329800,3,3,0.9654108285903931
GSM329801,3,3,0.9611908197402954
GSM329802,3,3,0.9625201225280762
GSM329803,3,3,0.9637125730514526
GSM329804,3,3,0.963408887386322
GSM329805,3,3,0.9594753384590149
GSM329806,3,3,0.9610503911972046
GSM329807,3,3,0.9605206251144409
GSM329808,3,4,0.3446851968765259
GSM329809,3,3,0.9620528221130371
GSM329810,3,3,0.9610466957092285
GSM329811,3,3,0.9617583751678467
GSM329812,3,3,0.9617635011672974
GSM329813,3,3,0.9624044895172119
GSM329814,3,3,0.9601359963417053
GSM329815,3,3,0.9619954228401184
GSM329816,3,3,0.9610846042633057
GSM329817,3,3,0.7464455962181091
GSM329818,3,3,0.9630618691444397
GSM329819,3,3,0.9600774645805359
GSM329820,3,1,0.9612827301025391
GSM329821,3,3,0.6710079312324524
GSM329822,3,3,0.9654943346977234
GSM329823,3,3,0.962352991104126
GSM329824,3,3,0.9627850651741028
GSM329825,3,3,0.9593578577041626
GSM329826,5,1,0.4813038408756256
GSM329827,3,3,0.960887610912323
GSM329828,3,3,0.959689199924469
GSM329829,3,3,0.9614998698234558
GSM329830,3,3,0.9660879969596863
GSM329831,3,3,0.962809145450592
GSM329832,3,3,0.9631834030151367
GSM329833,3,3,0.9629047513008118
GSM329834,3,3,0.9648756384849548
GSM329835,3,3,0.9641836881637573
GSM329836,2,5,0.8709740042686462
GSM329837,2,5,0.8373584151268005
GSM329838,2,5,0.30444180965423584
GSM329839,2,5,0.8556505441665649
GSM329840,2,5,0.8138151168823242
GSM329841,2,5,0.8632292151451111
GSM329842,2,5,0.8512997031211853
GSM329843,2,5,0.800489068031311
GSM329844,2,5,0.7266900539398193
GSM329845,2,5,0.42651718854904175
GSM329846,2,5,0.5858179330825806
GSM329847,2,5,0.5292808413505554
GSM329848,2,5,0.8344409465789795
GSM329849,2,5,0.8756315112113953
GSM329850,2,5,0.877570629119873
GSM329851,2,5,0.8670832514762878
GSM329852,2,5,0.864932119846344
GSM329853,2,5,0.8407966494560242
GSM329854,2,5,0.3753841817378998
GSM329855,2,5,0.8489691019058228
GSM329856,2,5,0.8408941030502319
GSM329857,2,5,0.8377028703689575
GSM329858,2,5,0.8433950543403625
GSM329859,2,5,0.8154211044311523
GSM329860,2,5,0.858981192111969
GSM329861,2,5,0.8372759222984314
GSM329862,2,5,0.866864800453186
GSM329863,2,5,0.466274619102478
GSM329864,2,5,0.4088122248649597
GSM329865,2,5,0.8302768468856812
GSM329866,2,5,0.8462511301040649
GSM329867,2,5,0.8398080468177795
GSM329868,2,5,0.8604629635810852
GSM329869,2,5,0.8769891262054443
GSM329870,2,5,0.8415728211402893
GSM329871,2,5,0.8499227166175842
GSM329872,2,5,0.8735751509666443
GSM329873,2,5,0.8378337025642395
GSM329874,2,5,0.8310001492500305
GSM329875,2,5,0.8555195927619934
GSM329876,2,5,0.8387854695320129
GSM329877,2,5,0.8468703627586365
GSM329878,5,4,0.933888852596283
GSM329879,2,5,0.8517179489135742
GSM329880,2,5,0.8495191335678101
GSM329881,2,5,0.870428204536438
GSM329882,2,5,0.33787378668785095
GSM329883,2,5,0.5661481618881226
GSM329884,2,5,0.39796262979507446
GSM329885,2,5,0.8576244115829468
GSM329886,2,5,0.8479573130607605
GSM329887,2,5,0.8486261963844299
GSM329888,2,5,0.8207128047943115
GSM329889,2,5,0.8220152854919434
GSM329890,2,5,0.7660002112388611
GSM329891,2,5,0.8467037081718445
GSM329892,2,5,0.813431978225708
GSM329893,5,4,0.8062134981155396
GSM329894,2,5,0.8534497618675232
GSM329895,2,5,0.830767035484314
GSM329896,2,5,0.8087854385375977
GSM329897,2,5,0.8519959449768066
GSM329898,2,5,0.4863027036190033
GSM329899,2,5,0.5868645310401917
GSM329900,2,5,0.8384034037590027
GSM329901,5,4,0.9396997690200806
GSM329902,2,1,0.47665512561798096
GSM329903,2,5,0.8486261963844299
GSM329904,2,5,0.8456946015357971
GSM329905,2,5,0.8006435036659241
GSM329906,2,5,0.8254207968711853
GSM329907,2,5,0.8461663722991943
GSM329908,2,5,0.8615350127220154
GSM329909,2,5,0.6395907998085022
GSM329910,2,5,0.8401258587837219
GSM329911,2,5,0.8396933078765869
GSM329912,2,5,0.7473501563072205
GSM329913,2,5,0.8592146039009094
GSM329914,2,5,0.8466832041740417
GSM329915,2,5,0.8274721503257751
GSM329916,2,5,0.8456211686134338
GSM329917,2,5,0.8691201210021973
GSM329918,4,4,0.3570792078971863
GSM329919,2,5,0.8360629081726074
GSM329920,4,1,0.948011577129364
GSM329921,2,5,0.8498217463493347
GSM329922,2,5,0.4156772196292877
GSM329923,2,5,0.8096171617507935
GSM329924,2,4,0.30196598172187805
GSM329925,2,5,0.7981448173522949
GSM329926,2,5,0.8665395975112915
GSM329927,2,5,0.861906111240387
GSM329928,3,4,0.3595312237739563
GSM329929,2,5,0.85686856508255
GSM329930,2,5,0.8602743744850159
GSM329931,2,5,0.8266218304634094
GSM329932,2,5,0.8435066938400269
GSM329933,2,5,0.855650007724762
GSM329934,2,5,0.8468109965324402
GSM329935,2,5,0.8418245315551758
GSM329936,2,5,0.8401952981948853
GSM329937,5,4,0.9343475699424744
GSM329938,2,5,0.8483798503875732
GSM329939,2,5,0.8351585268974304
GSM329940,2,5,0.8618984818458557
GSM329941,3,3,0.9096108078956604
GSM329942,2,5,0.8402883410453796
GSM329943,2,5,0.8535135984420776
GSM329944,2,5,0.80109703540802
GSM329945,2,5,0.8556580543518066
GSM329946,2,5,0.8693065643310547
GSM329947,2,5,0.8587059378623962
GSM329948,2,5,0.8370522260665894
GSM329949,2,5,0.8398585319519043
GSM329950,5,4,0.8263527154922485
GSM329951,2,5,0.8403043746948242
GSM329952,2,1,0.4328900873661041
GSM329953,2,5,0.8459497690200806
GSM329954,2,5,0.8630579710006714
GSM329955,2,5,0.36554935574531555
GSM329956,2,5,0.8049650192260742
GSM329957,2,5,0.5121301412582397
GSM329958,2,5,0.8599433302879333
GSM329959,2,5,0.8481664061546326
GSM329960,2,5,0.8095199465751648
GSM329961,2,4,0.38411009311676025
GSM329962,2,5,0.8605818748474121
GSM329963,2,5,0.8387261033058167
GSM329964,2,5,0.6899406313896179
GSM329965,2,5,0.8460748195648193
GSM329966,2,5,0.830556333065033
GSM329967,2,5,0.8568368554115295
GSM329968,2,5,0.863358736038208
GSM329969,2,5,0.8602287173271179
GSM329970,2,5,0.8379884958267212
GSM329971,2,5,0.7936463356018066
GSM329972,2,5,0.8425823450088501
GSM329973,2,5,0.8472608327865601
GSM329974,2,5,0.7961955070495605
GSM329975,2,5,0.8536513447761536
GSM329976,2,5,0.869184672832489
GSM329977,2,4,0.7546600103378296
GSM329978,2,5,0.5647439360618591
GSM329979,2,5,0.8530261516571045
GSM329980,2,5,0.840711236000061
GSM329981,2,5,0.8376719951629639
GSM329982,2,5,0.845015287399292
GSM329983,2,5,0.8326963186264038
GSM329984,2,5,0.8405719995498657
GSM329985,2,5,0.8519947528839111
GSM329986,2,5,0.8480889797210693
GSM329987,2,5,0.8702272772789001
GSM329988,2,5,0.8459945321083069
GSM329989,2,5,0.44759243726730347
GSM329990,2,5,0.8279497027397156
GSM329991,2,5,0.870428204536438
GSM329992,2,5,0.8303301930427551
GSM329993,2,5,0.848228394985199
GSM329994,2,5,0.8490195274353027
GSM329995,2,5,0.8408153057098389
GSM329996,2,5,0.8271158337593079
GSM329997,2,5,0.8605818748474121
GSM329998,2,5,0.8393414616584778
GSM329999,2,5,0.5278117060661316
GSM330000,2,5,0.8508694171905518
GSM330001,2,5,0.7794181108474731
GSM330002,2,4,0.3208584785461426
GSM330003,2,1,0.4726603329181671
GSM330004,2,5,0.849226176738739
GSM330005,2,5,0.8511652946472168
GSM330006,2,5,0.8493490815162659
GSM330007,2,5,0.8444439768791199
GSM330008,2,5,0.8541890382766724
GSM330009,2,5,0.7999297380447388
GSM330010,3,3,0.9616868495941162
GSM330011,3,3,0.8591750860214233
GSM330012,3,3,0.9611395597457886
GSM330013,3,3,0.9604376554489136
GSM330014,3,3,0.9637757539749146
GSM330015,3,3,0.9637798070907593
GSM330016,3,3,0.9629417061805725
GSM330017,3,3,0.9653719663619995
GSM330018,3,3,0.963021457195282
GSM330019,3,3,0.9682262539863586
GSM330020,3,3,0.9619424343109131
GSM330021,3,3,0.9657164216041565
GSM330022,3,3,0.960507869720459
GSM330023,3,3,0.962554395198822
GSM330024,3,3,0.9627110362052917
GSM330025,3,3,0.9629934430122375
GSM330026,3,3,0.961851179599762
GSM330027,5,4,0.8821884393692017
GSM330028,3,3,0.9629620313644409
GSM330029,3,3,0.9607734680175781
GSM330030,3,3,0.9645015001296997
GSM330031,3,3,0.9643225073814392
GSM330032,3,3,0.9602584838867188
GSM330033,3,3,0.9614133834838867
GSM330034,3,3,0.9597791433334351
GSM330035,3,3,0.9622231125831604
GSM330036,3,3,0.9630640745162964
GSM330037,3,3,0.964026927947998
GSM330038,3,3,0.9615768790245056
GSM330039,3,3,0.9630683660507202
GSM330040,3,3,0.9640882015228271
GSM330041,3,3,0.9624749422073364
GSM330042,3,3,0.9666879773139954
GSM330043,3,3,0.9620144963264465
GSM330044,3,3,0.9612630009651184
GSM330045,3,3,0.9604521989822388
GSM330046,3,3,0.9640435576438904
GSM330047,3,3,0.9641016721725464
GSM330048,3,3,0.9626420140266418
GSM330049,3,3,0.963381290435791
GSM330050,3,3,0.9624119997024536
GSM330051,3,3,0.9648696780204773
GSM330052,3,3,0.9643456339836121
GSM330053,3,3,0.9558585286140442
GSM330054,3,3,0.9609270095825195
GSM330055,3,3,0.9623169898986816
GSM330056,3,3,0.9572672247886658
GSM330057,3,3,0.9606605768203735
GSM330058,3,3,0.9672721028327942
GSM330059,3,3,0.961762011051178
GSM330060,3,3,0.9649258852005005
GSM330061,3,3,0.9618594646453857
GSM330062,3,3,0.9625989198684692
GSM330063,3,3,0.9618943333625793
GSM330064,3,3,0.9644342660903931
GSM330065,3,3,0.9634425044059753
GSM330066,3,3,0.9596373438835144
GSM330067,3,3,0.9617575407028198
GSM330068,3,3,0.9640657305717468
GSM330069,3,3,0.9637451171875
GSM330070,3,3,0.9055577516555786
GSM330071,3,3,0.9618207812309265
GSM330072,3,3,0.9612591862678528
GSM330073,3,3,0.9656193256378174
GSM330074,3,3,0.9666846394538879
GSM330075,3,3,0.9622139930725098
GSM330076,3,3,0.9639317393302917
GSM330077,3,3,0.9618792533874512
GSM330078,3,3,0.9628282785415649
GSM330079,3,3,0.9612012505531311
GSM330080,3,3,0.9643391966819763
GSM330081,3,3,0.9633334875106812
GSM330082,3,4,0.3286765217781067
GSM330083,3,3,0.8422257304191589
GSM330084,3,3,0.9169803857803345
GSM330085,3,3,0.9632230997085571
GSM330086,3,3,0.9104098081588745
GSM330087,3,3,0.9595798254013062
GSM330088,3,3,0.9590736627578735
GSM330089,3,3,0.962695300579071
GSM330090,3,3,0.9663565754890442
GSM330091,3,3,0.9629840850830078
GSM330092,3,3,0.9622234106063843
GSM330093,3,3,0.9647878408432007
GSM330094,3,3,0.9665749073028564
GSM330095,3,3,0.9615429043769836
GSM330096,3,3,0.9663437008857727
GSM330097,3,3,0.9621843099594116
GSM330098,3,3,0.9638354778289795
GSM330099,3,3,0.9650198817253113
GSM330100,3,3,0.9680212140083313
GSM330101,3,3,0.9610293507575989
GSM330102,3,3,0.9642085433006287
GSM330103,3,3,0.9634554386138916
GSM330104,3,3,0.9629690051078796
GSM330105,3,3,0.9623750448226929
GSM330106,3,3,0.9643962383270264
GSM330107,3,3,0.9617583751678467
GSM330108,3,3,0.959790050983429
GSM330109,3,3,0.9617701768875122
GSM330110,3,3,0.9629684686660767
GSM330111,3,3,0.9639900326728821
GSM330112,3,3,0.9641683101654053
GSM330113,3,3,0.9635339379310608
GSM330114,3,3,0.9653575420379639
GSM330115,3,3,0.9644167423248291
GSM330116,3,3,0.9634168148040771
GSM330117,3,3,0.964449942111969
GSM330118,3,3,0.9603736400604248
GSM330119,3,3,0.9636004567146301
GSM330120,3,3,0.9625824689865112
GSM330121,3,3,0.9628317356109619
GSM330122,3,3,0.9654285311698914
GSM330123,3,3,0.9616482853889465
GSM330124,3,3,0.9592750072479248
GSM330125,3,3,0.9644030332565308
GSM330126,3,3,0.8712846636772156
GSM330127,3,3,0.9680212140083313
GSM330128,3,3,0.9619581699371338
GSM330129,3,3,0.9642783999443054
GSM330130,3,3,0.9648236036300659
GSM330131,3,3,0.9624224901199341
GSM330132,3,3,0.961526095867157
GSM330133,3,3,0.9633893966674805
GSM330134,3,3,0.9605777263641357
GSM330135,3,3,0.9639031887054443
GSM330136,3,3,0.9596611261367798
GSM330137,3,3,0.9597614407539368
GSM330138,3,3,0.9640222191810608
GSM330139,3,3,0.9676177501678467
GSM330140,3,3,0.9628282785415649
GSM330141,3,3,0.9633744955062866
GSM330142,3,3,0.9608424305915833
GSM330143,3,3,0.9656956791877747
GSM330144,3,3,0.961987316608429
GSM330145,3,3,0.964688241481781
GSM330146,3,3,0.9662595391273499
GSM330147,3,3,0.9633780717849731
GSM330148,3,3,0.9626384377479553
GSM330149,3,3,0.9636114835739136
GSM330150,3,3,0.962077260017395
GSM330151,3,3,0.9621185660362244
GSM330152,3,3,0.8921859264373779
GSM330153,3,3,0.965840220451355
GSM330154,3,3,0.9619881510734558
GSM330155,3,3,0.9641492366790771
GSM330156,3,3,0.9663621187210083
GSM330157,3,3,0.9607291221618652
GSM330158,3,3,0.9656758904457092
GSM330159,5,4,0.9275453090667725
GSM330160,3,3,0.9607291221618652
GSM330161,3,3,0.9671643972396851
GSM330162,3,3,0.9677615761756897
GSM330163,3,3,0.9668368101119995
GSM330164,3,3,0.9613929986953735
GSM330165,3,3,0.9120250940322876
GSM330166,3,3,0.9650108218193054
GSM330167,3,3,0.963726282119751
GSM330168,3,3,0.9612752199172974
GSM330169,3,3,0.9633976221084595
GSM330170,3,3,0.9624702334403992
GSM330171,3,3,0.9643885493278503
GSM330172,1,2,0.9248120188713074
GSM330173,3,3,0.9642957448959351
GSM330174,3,3,0.9668692350387573
GSM330175,3,3,0.9602584838867188
GSM330176,3,3,0.9618791341781616
GSM330177,3,3,0.9650743007659912
GSM330178,3,3,0.9633362889289856
GSM330179,3,3,0.964591920375824
GSM330180,3,3,0.9649314284324646
GSM330181,3,3,0.9622552990913391
GSM330182,3,3,0.963020384311676
GSM330183,3,3,0.9608715176582336
GSM330184,3,3,0.9652064442634583
GSM330185,3,3,0.9645670652389526
GSM330186,3,3,0.9671785831451416
GSM330187,3,3,0.9640310406684875
GSM330188,3,3,0.9598358869552612
GSM330189,3,3,0.9613886475563049
GSM330190,3,3,0.9651533961296082
GSM330191,3,3,0.9622633457183838
GSM330192,3,3,0.9649624228477478
GSM330193,3,3,0.9609920978546143
GSM330194,3,3,0.9630113244056702
GSM330195,3,3,0.9633521437644958
GSM330196,3,3,0.9654669761657715
GSM330197,3,3,0.9632476568222046
GSM330198,3,3,0.966307520866394
GSM330199,3,3,0.9654215574264526
GSM330200,3,3,0.9634935855865479
GSM330201,3,3,0.9633521437644958
GSM330202,3,3,0.9622408747673035
GSM330203,3,3,0.9634850025177002
GSM330204,3,3,0.9615182876586914
GSM330205,3,3,0.9653633236885071
GSM330206,3,3,0.9622344374656677
GSM330207,3,3,0.9640310406684875
GSM330208,3,4,0.2454128861427307
GSM330209,3,3,0.9617894291877747
GSM330210,3,3,0.9608745574951172
GSM330211,3,3,0.9679752588272095
GSM330212,3,3,0.962155282497406
GSM330213,3,3,0.9592329859733582
GSM330214,3,3,0.9623584151268005
GSM330215,3,3,0.9628282785415649
GSM330216,3,3,0.9616147875785828
GSM330217,3,3,0.9635839462280273
GSM330218,3,3,0.9600468277931213
GSM330219,3,3,0.9620301127433777
GSM330220,3,3,0.9629837870597839
GSM330221,3,3,0.9594458937644958
GSM330222,3,3,0.9616298675537109
GSM330223,3,3,0.9582273364067078
GSM330224,3,3,0.9630482196807861
GSM330225,3,3,0.9623786807060242
GSM330226,3,3,0.9601327180862427
GSM330227,3,3,0.9622023105621338
GSM330228,3,3,0.9623578786849976
GSM330229,3,3,0.6658902764320374
GSM330230,3,3,0.9091510772705078
GSM330231,3,3,0.9623462557792664
GSM330232,3,3,0.9636673927307129
GSM330233,3,3,0.43900465965270996
GSM330234,3,3,0.9608924984931946
GSM330235,3,3,0.9647466540336609
GSM330236,3,3,0.9657937288284302
GSM330237,3,3,0.9622094035148621
GSM330238,3,3,0.963427722454071
GSM330239,3,3,0.9613492488861084
GSM330240,3,3,0.9604708552360535
GSM330241,2,4,0.11500729620456696
GSM330242,3,3,0.9631617665290833
GSM330243,3,3,0.9610881805419922
GSM330244,3,3,0.9631359577178955
GSM330245,3,3,0.9642484188079834
GSM330246,3,3,0.9650108218193054
GSM330247,3,3,0.9608698487281799
GSM330248,3,3,0.9600455164909363
GSM330249,3,3,0.9615358710289001
GSM330250,3,3,0.9593096971511841
GSM330251,3,3,0.9607492685317993
GSM330252,3,3,0.9673389196395874
GSM330253,3,3,0.9610908627510071
GSM330254,3,3,0.9638155698776245
GSM330255,3,3,0.9624415636062622
GSM330256,5,4,0.8948448896408081
GSM330257,3,3,0.9604153633117676
GSM330258,3,3,0.9607582688331604
GSM330259,3,3,0.9606539607048035
GSM330260,3,3,0.9604162573814392
GSM330261,3,4,0.322978138923645
GSM330262,3,4,0.8604393601417542
GSM330263,3,3,0.9619097709655762
GSM330264,3,3,0.9677104949951172
GSM330265,3,3,0.9640436768531799
GSM330266,3,3,0.9633898138999939
GSM330267,3,3,0.9622787833213806
GSM330268,3,3,0.8315873146057129
GSM330269,3,3,0.9628282785415649
GSM330270,3,3,0.9644841551780701
GSM330271,3,3,0.9621511101722717
GSM330272,3,3,0.9587910771369934
GSM330273,3,3,0.9655637741088867
GSM330274,3,3,0.9646238088607788
GSM330275,3,3,0.9635442495346069
GSM330276,3,3,0.962951123714447
GSM330277,3,3,0.9619748592376709
GSM330278,3,3,0.9643456339836121
GSM330279,3,3,0.9627540111541748
GSM330280,3,3,0.9622346758842468
GSM330281,3,3,0.9597017765045166
GSM330282,3,3,0.9606784582138062
GSM330283,3,3,0.9627401828765869
GSM330284,3,3,0.9623394012451172
GSM330285,3,3,0.9595389366149902
GSM330286,3,3,0.9628556370735168
GSM330287,3,3,0.96303391456604
GSM330288,3,3,0.9636991024017334
GSM330289,3,3,0.9612155556678772
GSM330290,3,3,0.9669146537780762
GSM330291,3,5,0.3670128583908081
GSM330292,3,3,0.9643963575363159
GSM330293,3,3,0.9607799053192139
GSM330294,3,3,0.9613842368125916
GSM330295,3,3,0.9620301127433777
GSM330296,3,3,0.9599500298500061
GSM330297,3,3,0.9651651978492737
GSM330298,3,3,0.8642598986625671
GSM330299,3,3,0.9608747363090515
GSM330300,3,3,0.9622328281402588
GSM330301,3,3,0.9642948508262634
GSM330302,3,3,0.9628056883811951
GSM330303,3,3,0.9613874554634094
GSM330304,3,3,0.9629844427108765
GSM330305,3,3,0.9608784914016724
GSM330306,3,3,0.9636223912239075
GSM330307,3,3,0.9634447693824768
GSM330308,3,3,0.9136086702346802
GSM330309,3,3,0.960172176361084
GSM330310,3,3,0.851050853729248
GSM330317,3,3,0.9635942578315735
GSM330318,3,3,0.9615309238433838
GSM330319,3,3,0.9617554545402527
GSM330320,3,3,0.961434543132782
GSM330321,3,3,0.8661064505577087
GSM330322,3,3,0.9613872170448303
GSM330323,3,3,0.9653905034065247
GSM330324,3,3,0.9646563529968262
GSM330325,3,3,0.9660636186599731
GSM330326,3,3,0.9646525979042053
GSM330327,3,3,0.9612155556678772
GSM330328,3,3,0.961933970451355
GSM330329,3,3,0.9632509350776672
GSM330330,3,3,0.9614112377166748
GSM330331,3,4,0.9127148985862732
GSM330332,3,4,0.13829807937145233
GSM330333,3,3,0.9610865712165833
GSM330334,3,3,0.9614838361740112
GSM330335,2,5,0.5701878666877747
GSM330336,3,3,0.9640929102897644
GSM330337,3,3,0.9620168805122375
GSM330338,3,3,0.9076497554779053
GSM330339,3,3,0.9603228569030762
GSM330340,3,3,0.9629732966423035
GSM330341,3,3,0.964881420135498
GSM330342,3,3,0.9610591530799866
GSM330343,3,3,0.961864173412323
GSM330344,3,3,0.9642764329910278
GSM330345,3,3,0.9609231352806091
GSM330346,3,3,0.9645897746086121
GSM330347,3,3,0.9621904492378235
GSM330348,3,3,0.9609635472297668
GSM330349,3,3,0.9679535627365112
GSM330350,3,3,0.9632765650749207
GSM330351,3,3,0.9610207080841064
GSM330352,3,3,0.9588706493377686
GSM330353,3,3,0.9643170237541199
GSM330354,3,3,0.9685055613517761
GSM330355,3,3,0.9593988656997681
GSM330356,3,3,0.9628282785415649
GSM330357,3,3,0.9649444818496704
GSM330358,3,3,0.8981640934944153
GSM330359,3,3,0.9606254696846008
GSM330360,3,3,0.9639430046081543
GSM330361,3,3,0.9624496698379517
GSM330362,3,3,0.9654269218444824
GSM330363,3,3,0.9637000560760498
GSM330364,3,3,0.9622025489807129
GSM330365,3,3,0.9619765877723694
GSM330366,3,3,0.9627814292907715
GSM330367,3,3,0.2523704767227173
GSM330368,3,4,0.8416066765785217
GSM330369,3,3,0.9154874086380005
GSM330370,3,3,0.9642850160598755
GSM330371,3,3,0.9590150117874146
GSM330372,3,3,0.9620938301086426
GSM330373,3,3,0.9617636203765869
GSM330374,3,3,0.958945095539093
GSM330375,3,3,0.9654070138931274
GSM330376,3,3,0.9162203669548035
GSM330377,3,3,0.9100939035415649
GSM330378,3,3,0.9625712037086487
GSM330379,3,3,0.9614319801330566
GSM330380,3,3,0.9644871950149536
GSM330381,3,3,0.962068498134613
GSM330382,3,3,0.9639266133308411
GSM330383,2,3,0.5305314064025879
GSM330384,3,3,0.9628390073776245
GSM330385,3,3,0.9633806347846985
GSM330386,3,3,0.962322473526001
GSM330387,4,1,0.9541595578193665
GSM330388,4,1,0.9028121829032898
GSM330389,4,1,0.9506344199180603
GSM330390,4,1,0.9006133079528809
GSM330391,4,1,0.9545361995697021
GSM330392,4,1,0.9024693369865417
GSM330393,4,1,0.947052001953125
GSM330394,4,1,0.953892171382904
GSM330395,4,1,0.9475070238113403
GSM330396,5,1,0.11962123960256577
GSM330397,4,1,0.8895063400268555
GSM330398,5,4,0.6340504884719849
GSM330399,4,1,0.9469984769821167
GSM330400,4,1,0.9474682807922363
GSM330401,4,1,0.8815491795539856
GSM330402,4,1,0.8446296453475952
GSM330403,4,1,0.898362934589386
GSM330404,4,1,0.9483935832977295
GSM330405,4,1,0.9450516104698181
GSM330406,5,1,0.11661399900913239
GSM330407,5,1,0.41775500774383545
GSM330408,4,1,0.9499369263648987
GSM330409,4,1,0.9466234445571899
GSM330410,4,4,0.7865954041481018
GSM330411,5,1,0.17554332315921783
GSM330412,4,1,0.9318742156028748
GSM330413,4,1,0.9470911026000977
GSM330414,4,1,0.9517265558242798
GSM330415,4,1,0.9488722681999207
GSM330416,5,1,0.411188006401062
GSM330417,4,1,0.5331663489341736
GSM330418,5,4,0.517143726348877
GSM330419,4,1,0.9497619867324829
GSM330420,4,1,0.9533560276031494
GSM330421,4,1,0.8969234824180603
GSM330422,4,1,0.9451628923416138
GSM330423,4,1,0.9405356645584106
GSM330424,4,1,0.9492148756980896
GSM330425,4,1,0.951103687286377
GSM330426,4,1,0.9489992260932922
GSM330427,4,1,0.9534755349159241
GSM330428,4,1,0.9478228092193604
GSM330429,4,1,0.944413959980011
GSM330430,4,1,0.9510290026664734
GSM330431,4,1,0.945605993270874
GSM330432,4,1,0.7466034889221191
GSM330433,4,1,0.957148015499115
GSM330434,5,4,0.37081557512283325
GSM330435,4,1,0.9520531892776489
GSM330436,4,1,0.9471014142036438
GSM330437,4,1,0.9507768154144287
GSM330438,4,1,0.9499649405479431
GSM330439,4,1,0.9547410011291504
GSM330440,4,1,0.9500874876976013
GSM330441,4,1,0.9408341646194458
GSM330442,4,1,0.9456773400306702
GSM330443,5,4,0.9394463896751404
GSM330444,4,1,0.9481200575828552
GSM330445,4,1,0.9451389908790588
GSM330446,4,1,0.9472125768661499
GSM330447,4,1,0.9445794224739075
GSM330448,4,1,0.9430027008056641
GSM330449,4,1,0.9491854310035706
GSM330450,4,1,0.9603572487831116
GSM330451,4,1,0.9557337164878845
GSM330452,4,1,0.952045738697052
GSM330453,4,1,0.9488421082496643
GSM330454,4,1,0.9493970274925232
GSM330455,4,1,0.9465097188949585
GSM330456,4,1,0.9461913704872131
GSM330457,4,1,0.9494678378105164
GSM330458,4,1,0.9484674334526062
GSM330459,4,1,0.9465057849884033
GSM330460,4,1,0.9538760185241699
GSM330461,4,1,0.9548459053039551
GSM330462,4,1,0.9478795528411865
GSM330463,4,1,0.952782154083252
GSM330464,4,1,0.8926617503166199
GSM330465,2,1,0.08044524490833282
GSM330466,4,1,0.9490031003952026
GSM330467,4,1,0.8956891298294067
GSM330468,4,1,0.9467980265617371
GSM330469,4,1,0.9467384219169617
GSM330470,4,1,0.9487668871879578
GSM330471,4,1,0.9530271291732788
GSM330472,4,1,0.9467985033988953
GSM330473,4,4,0.8226306438446045
GSM330474,4,1,0.9443524479866028
GSM330475,4,4,0.8030954599380493
GSM330476,4,1,0.9481808543205261
GSM330477,4,1,0.9501182436943054
GSM330478,4,1,0.9474682807922363
GSM330479,4,1,0.9529851675033569
GSM330480,4,1,0.9560223817825317
GSM330481,4,1,0.9412762522697449
GSM330482,4,1,0.9538445472717285
GSM330483,4,1,0.8829664587974548
GSM330484,4,1,0.9550827145576477
GSM330485,4,1,0.9104052186012268
GSM330486,4,1,0.9525982737541199
GSM330487,4,1,0.9497699737548828
GSM330488,4,1,0.9503124356269836
GSM330489,4,1,0.9445691108703613
GSM330490,4,1,0.9457986950874329
GSM330491,4,1,0.9577228426933289
GSM330492,5,4,0.883902907371521
GSM330493,4,1,0.946989119052887
GSM330494,4,1,0.8992363810539246
GSM330495,4,1,0.945943295955658
GSM330496,5,4,0.7760628461837769
GSM330497,4,1,0.9459072947502136
GSM330498,4,1,0.9471712112426758
GSM330499,4,4,0.8549519777297974
GSM330500,4,1,0.9501208066940308
GSM330501,4,1,0.8801575303077698
GSM330502,4,1,0.9464800953865051
GSM330503,4,1,0.9006332159042358
GSM330504,4,1,0.9439608454704285
GSM330505,4,1,0.9474682807922363
GSM330506,4,1,0.8974197506904602
GSM330507,4,1,0.9076076745986938
GSM330508,3,1,0.4332764744758606
GSM330509,4,1,0.9008551836013794
GSM330510,4,1,0.9009203314781189
GSM330511,4,1,0.8976775407791138
GSM330512,4,1,0.954301655292511
GSM330513,4,1,0.9465595483779907
GSM330514,4,1,0.9460819959640503
GSM330515,4,1,0.9075536727905273
GSM330516,4,1,0.9490453600883484
GSM330517,4,1,0.9560194611549377
GSM330518,2,5,0.7303571701049805
GSM330519,4,1,0.8847227692604065
GSM330520,5,4,0.7858831882476807
GSM330521,5,4,0.7422025203704834
GSM330522,4,1,0.9472427368164062
GSM330523,4,1,0.9470478892326355
GSM330524,4,1,0.9538052082061768
GSM330525,4,1,0.954708456993103
GSM330526,5,4,0.9375277757644653
GSM330527,2,1,0.8156856894493103
GSM330528,4,1,0.948398232460022
GSM330529,4,1,0.9021063446998596
GSM330530,4,1,0.9487684369087219
GSM330531,5,1,0.6750625371932983
GSM330532,2,1,0.1831071525812149
GSM330533,4,4,0.9047702550888062
GSM330534,4,1,0.7275062203407288
GSM330535,4,1,0.9464329481124878
GSM330536,5,4,0.9346078634262085
GSM330537,4,1,0.947719395160675
GSM330538,4,1,0.9421547055244446
GSM330539,4,1,0.950178325176239
GSM330540,4,1,0.8933960795402527
GSM330541,4,1,0.9514731764793396
GSM330542,4,1,0.9436157941818237
GSM330543,4,1,0.9525455832481384
GSM330544,4,1,0.9468225240707397
GSM330545,4,1,0.9482189416885376
GSM330546,4,1,0.947506308555603
GSM330547,5,4,0.9338228106498718
GSM330548,5,4,0.932868242263794
GSM330549,4,1,0.9486716985702515
GSM330550,4,1,0.905828058719635
GSM330551,4,1,0.8123812675476074
GSM330552,4,1,0.9493429064750671
GSM330553,5,4,0.9295755624771118
GSM330554,4,1,0.7727872729301453
GSM330555,4,1,0.9588314890861511
GSM330556,5,4,0.5881451964378357
GSM330557,4,1,0.9557804465293884
GSM330558,5,4,0.9340362548828125
GSM330559,4,1,0.9099333882331848
GSM330560,5,4,0.8820939660072327
GSM330561,4,1,0.9468303918838501
GSM330562,4,1,0.9493885636329651
GSM330563,4,1,0.9506864547729492
GSM330564,5,1,0.700302004814148
GSM330565,4,1,0.9481958746910095
GSM330566,2,5,0.7142031192779541
GSM330567,4,1,0.7469061613082886
GSM330568,4,1,0.9546198844909668
GSM330569,4,1,0.9521728157997131
GSM330570,4,1,0.9490031003952026
GSM330571,4,1,0.9025420546531677
GSM330572,4,1,0.8966542482376099
GSM330573,4,1,0.9453094005584717
GSM330574,4,1,0.9503248929977417
GSM330575,4,1,0.9452982544898987
GSM330576,5,4,0.8923746943473816
GSM330577,4,1,0.9476748704910278
GSM330578,4,1,0.9478093385696411
GSM330579,5,1,0.12108258903026581
GSM330580,2,5,0.48650890588760376
GSM330581,4,1,0.9504676461219788
GSM330582,4,1,0.9083682298660278
GSM330583,4,1,0.9471628069877625
GSM330584,2,1,0.15840865671634674
GSM330585,4,1,0.9463757276535034
GSM330586,4,1,0.9034281373023987
GSM330587,4,1,0.95050448179245
GSM330588,4,1,0.9481707215309143
GSM330589,5,4,0.9358946084976196
GSM330590,5,4,0.8238053321838379
GSM330591,5,4,0.9357829093933105
GSM330592,4,1,0.9552565813064575
GSM330593,4,1,0.6909839510917664
GSM330594,4,1,0.949296772480011
GSM330595,4,1,0.951924741268158
GSM330596,5,4,0.789621114730835
GSM330597,1,2,0.8260149955749512
GSM330598,4,1,0.9507758617401123
GSM330599,4,1,0.947138249874115
GSM330600,4,1,0.9492530226707458
GSM330601,5,4,0.8800604939460754
GSM330602,4,1,0.9507371187210083
GSM330603,5,4,0.8206306099891663
GSM330604,4,1,0.7973763942718506
GSM330605,4,1,0.5586767196655273
GSM330606,4,1,0.9112018346786499
GSM330607,4,1,0.7561095952987671
GSM330608,4,1,0.944665789604187
GSM330609,4,1,0.9446424841880798
GSM330610,4,1,0.9494039416313171
GSM330611,5,1,0.33039772510528564
GSM330612,4,1,0.9525840878486633
GSM330613,4,1,0.9511224627494812
GSM330614,4,1,0.9426468014717102
GSM330615,5,1,0.4819324016571045
GSM330616,4,1,0.9506016373634338
GSM330617,4,1,0.9474783539772034
GSM330618,4,1,0.9547410011291504
GSM330619,4,1,0.8293626308441162
GSM330620,5,4,0.9294705390930176
GSM330621,4,1,0.8964744210243225
GSM330622,4,1,0.9558458924293518
GSM330623,4,1,0.9418325424194336
GSM330624,5,1,0.562445878982544
GSM330625,4,1,0.8887397050857544
GSM330626,5,4,0.8707413077354431
GSM330627,4,1,0.8989899158477783
GSM330628,4,1,0.945715069770813
GSM330629,3,1,0.357468843460083
GSM330630,4,1,0.9539843201637268
GSM330631,4,1,0.9056521654129028
GSM330632,5,1,0.34842449426651
GSM330633,5,4,0.8708382248878479
GSM330634,4,1,0.9482189416885376
GSM330635,5,4,0.9366125464439392
GSM330636,4,1,0.9504785537719727
GSM330637,4,1,0.8971652984619141
GSM330638,5,4,0.9341158866882324
GSM330639,3,1,0.4260234236717224
GSM330640,5,1,0.21422196924686432
GSM330641,5,4,0.7901522517204285
GSM330642,4,1,0.9532775282859802
GSM330643,4,1,0.9574536681175232
GSM330644,4,1,0.9468622207641602
GSM330645,4,1,0.9553945064544678
GSM330646,4,1,0.7097209095954895
GSM330647,5,4,0.9319257140159607
GSM330648,5,4,0.9302343130111694
GSM330649,4,1,0.9543396234512329
GSM330650,4,1,0.9150896668434143
GSM330651,4,1,0.9557415246963501
GSM330652,4,1,0.9445801377296448
GSM330653,4,1,0.9516725540161133
GSM330654,5,4,0.8852173686027527
GSM330655,5,4,0.9302808046340942
GSM330656,5,4,0.3223837912082672
GSM330657,4,1,0.9475255608558655
GSM330658,4,1,0.8918629288673401
GSM330659,4,4,0.5413183569908142
GSM330660,5,4,0.8831718564033508
GSM330661,5,4,0.8944435715675354
GSM330662,4,4,0.5987342000007629
GSM330663,5,4,0.8780081272125244
GSM330664,4,1,0.8940169215202332
GSM330665,4,1,0.8855276703834534
GSM330666,4,1,0.945705771446228
GSM330667,4,1,0.6713329553604126
GSM330668,4,1,0.8906485438346863
GSM330669,5,4,0.9324080348014832
GSM330670,4,1,0.8944715857505798
GSM330671,4,1,0.895512044429779
GSM330672,4,1,0.818051815032959
GSM330673,4,1,0.9470796585083008
GSM330674,4,1,0.9563350081443787
GSM330675,5,1,0.43152114748954773
GSM330676,4,1,0.9571549296379089
GSM330677,4,1,0.9484497904777527
GSM330678,4,1,0.8301284313201904
GSM330679,4,1,0.9429598450660706
GSM330680,4,1,0.9475836157798767
GSM330681,5,4,0.9313074946403503
GSM330682,4,1,0.9029258489608765
GSM330683,4,1,0.943921685218811
GSM330684,4,1,0.8867716789245605
GSM330685,2,5,0.802568793296814
GSM330686,4,1,0.8251672983169556
GSM330687,4,1,0.9534527659416199
GSM330688,4,1,0.8454455137252808
GSM330689,4,1,0.9492119550704956
GSM330690,4,1,0.9465060234069824
GSM330691,4,1,0.9462903738021851
GSM330692,5,4,0.9396231174468994
GSM330693,4,1,0.9478284120559692
GSM330694,5,4,0.9266544580459595
GSM330695,4,1,0.8979474306106567
GSM330696,4,1,0.9509317278862
GSM330697,4,1,0.942582905292511
GSM330698,4,1,0.9483917355537415
GSM330699,4,1,0.9538520574569702
GSM330700,5,1,0.7766079902648926
GSM330701,4,1,0.837479293346405
GSM330702,5,4,0.9270004034042358
GSM330703,4,1,0.8119124174118042
GSM330704,4,1,0.9458246231079102
GSM330705,5,4,0.7567311525344849
GSM330706,4,4,0.9058287739753723
GSM330707,2,1,0.47858983278274536
GSM330708,4,1,0.9542061686515808
GSM330709,5,4,0.10536959767341614
GSM330710,5,4,0.9324904084205627
GSM330711,4,1,0.9506411552429199
GSM330712,4,1,0.9397068023681641
GSM330713,2,1,0.15084493160247803
GSM330714,4,1,0.9561180472373962
GSM330715,4,1,0.9508175849914551
GSM330716,4,1,0.9547410011291504
GSM330717,4,1,0.9456931948661804
GSM330718,4,1,0.8847026824951172
GSM330719,4,1,0.9539187550544739
GSM330720,5,4,0.9356527328491211
GSM330721,4,1,0.9566534161567688
GSM330722,4,1,0.9093363881111145
GSM330723,5,4,0.9347512722015381
GSM330724,4,4,0.46615609526634216
GSM330725,4,1,0.9487717151641846
GSM330726,4,1,0.9506950378417969
GSM330727,4,1,0.9447037577629089
GSM330728,4,1,0.9439975023269653
GSM330729,4,1,0.9469268918037415
GSM330730,5,4,0.9326164722442627
GSM330731,4,1,0.9464268088340759
GSM330732,4,1,0.9150896668434143
GSM330733,4,1,0.9467021822929382
GSM330734,4,1,0.9508673548698425
GSM330735,5,4,0.9429799318313599
GSM330736,4,1,0.9529832005500793
GSM330737,4,1,0.9507569074630737
GSM330738,2,5,0.8114635944366455
GSM330739,4,1,0.9494441747665405
GSM330740,5,1,0.46642521023750305
GSM330741,2,1,0.7637297511100769
GSM330742,5,4,0.5452832579612732
GSM330743,5,4,0.9306213855743408
GSM330744,4,1,0.8776631355285645
GSM330745,4,1,0.9451655745506287
GSM330746,4,1,0.9506392478942871
GSM330747,5,4,0.7196417450904846
GSM330748,4,1,0.8338320255279541
GSM330749,4,4,0.44542422890663147
GSM330750,4,1,0.9458334445953369
GSM330751,4,1,0.9109645485877991
GSM330752,4,1,0.8926205635070801
GSM330753,4,1,0.8958751559257507
GSM330754,5,4,0.8443483710289001
GSM330755,4,1,0.9489995837211609
GSM330756,4,4,0.9029807448387146
GSM330757,5,4,0.9313625693321228
GSM330758,5,1,0.17968341708183289
GSM330759,4,1,0.9543538689613342
GSM330760,5,1,0.5063483119010925
GSM330761,5,4,0.8446715474128723
GSM330762,4,1,0.9021888971328735
GSM330763,4,1,0.6570954918861389
GSM330764,4,1,0.7604689598083496
GSM330765,4,1,0.9549407362937927
GSM330766,5,4,0.9334414601325989
GSM330767,4,1,0.5083686113357544
GSM330768,5,4,0.8891659379005432
GSM330769,1,1,0.7183454036712646
GSM330770,5,1,0.06244255229830742
GSM330771,4,1,0.8501381874084473
GSM330772,4,1,0.87937992811203
GSM330773,4,1,0.9520778656005859
GSM330774,4,1,0.6840173006057739
GSM330775,4,1,0.9466774463653564
GSM330776,4,1,0.9454948306083679
GSM330777,4,1,0.8927793502807617
GSM330778,4,1,0.9548368453979492
GSM330779,4,1,0.9505065679550171
GSM330780,4,4,0.7961236834526062
GSM330781,5,4,0.7902095913887024
GSM330782,4,1,0.9138317108154297
GSM330783,4,1,0.8123638033866882
GSM330784,5,4,0.8327629566192627
GSM330785,4,1,0.9460684657096863
GSM330786,4,1,0.8695437908172607
GSM330787,2,1,0.1376170814037323
GSM330788,5,4,0.7854779958724976
GSM330789,5,4,0.8910253047943115
GSM330790,4,1,0.8584104776382446
GSM330791,4,1,0.9083803296089172
GSM330792,4,1,0.9503029584884644
GSM330793,4,1,0.9574536681175232
GSM330794,4,1,0.9105613827705383
GSM330795,4,1,0.9433934688568115
GSM330796,4,1,0.947138249874115
GSM330797,4,1,0.9416811466217041
GSM330798,5,4,0.9329854846000671
GSM330799,5,4,0.8066183924674988
GSM330800,2,5,0.6995651721954346
GSM330801,5,4,0.9289904236793518
GSM330802,4,1,0.9501333236694336
GSM330803,5,4,0.9356898665428162
GSM330804,5,4,0.6438664793968201
GSM330805,4,4,0.5117830634117126
GSM330806,4,1,0.9100900888442993
GSM330807,5,4,0.9333144426345825
GSM330808,4,1,0.9531736969947815
GSM330809,3,3,0.9636482000350952
GSM330810,4,1,0.9096037149429321
GSM330811,4,1,0.9415732622146606
GSM330812,2,1,0.12612631916999817
GSM330813,5,4,0.9372715950012207
GSM330814,5,4,0.9272661805152893
GSM330815,4,1,0.9428883790969849
GSM330816,4,4,0.9544659852981567
GSM330817,4,1,0.9508175849914551
GSM330818,4,1,0.947120189666748
GSM330819,4,1,0.95013427734375
GSM330820,4,1,0.8286275267601013
GSM330821,4,1,0.9597550630569458
GSM330822,5,1,0.1658974587917328
GSM330823,4,1,0.897249162197113
GSM330824,4,1,0.9480467438697815
GSM330825,4,1,0.9468775987625122
GSM330826,4,1,0.9447317719459534
GSM330827,4,4,0.837870180606842
GSM330828,4,1,0.9478990435600281
GSM330829,2,1,0.17766937613487244
GSM330830,4,1,0.9547739028930664
GSM330831,4,1,0.9422894716262817
GSM330832,4,1,0.7498944401741028
GSM330833,4,1,0.8813636898994446
GSM330834,4,1,0.89182049036026
GSM330835,5,4,0.9350073933601379
GSM330836,5,4,0.8889456391334534
GSM330837,4,1,0.948615312576294
GSM330838,3,3,0.47649824619293213
GSM330839,4,1,0.5669228434562683
GSM330840,4,1,0.9500298500061035
GSM330841,4,1,0.9446780681610107
GSM330842,4,1,0.9500298500061035
GSM330843,4,1,0.8394617438316345
GSM330844,4,1,0.8731755018234253
GSM330845,5,4,0.934856116771698
GSM330846,5,4,0.8989199995994568
GSM330847,5,4,0.8747014403343201
GSM330848,5,4,0.5256397128105164
GSM330849,4,1,0.8501300811767578
GSM330850,4,1,0.8406842947006226
GSM330851,4,1,0.9488399028778076
GSM330852,4,4,0.48532170057296753
GSM330853,5,1,0.6147230863571167
GSM330854,4,1,0.9080922603607178
GSM330855,5,4,0.9319425821304321
GSM330856,4,1,0.9500324726104736
GSM330857,4,1,0.4781422019004822
GSM330858,5,4,0.7564329504966736
GSM330859,4,1,0.9468960762023926
GSM330860,4,1,0.9428838491439819
GSM330861,4,1,0.897578775882721
GSM330862,4,1,0.9487684369087219
GSM330863,4,1,0.9067299365997314
GSM330864,4,1,0.889001727104187
GSM330865,3,3,0.9125633835792542
GSM330866,4,1,0.938361644744873
GSM330867,4,4,0.9484314322471619
GSM330868,5,4,0.8408545255661011
GSM330869,5,4,0.933795154094696
GSM330870,4,1,0.9422181248664856
GSM330871,4,1,0.9467975497245789
GSM330872,4,1,0.628413200378418
GSM330873,5,4,0.8408891558647156
GSM330874,4,1,0.9580847024917603
GSM330875,4,1,0.9446680545806885
GSM330876,4,1,0.9514994621276855
GSM330877,5,4,0.7545830607414246
GSM330878,4,1,0.8754507899284363
GSM330879,4,1,0.9579930901527405
GSM330880,5,4,0.9328993558883667
GSM330881,4,1,0.9020609855651855
GSM330882,5,4,0.8312593102455139
GSM330883,5,1,0.33746346831321716
GSM330884,5,4,0.9340242743492126
GSM330885,5,4,0.8252559304237366
GSM330886,5,4,0.927680253982544
GSM330887,5,4,0.9347468018531799
GSM330888,5,4,0.9376074075698853
GSM330889,4,1,0.9549166560173035
GSM330890,4,1,0.846339762210846
GSM330891,5,4,0.8177012801170349
GSM330892,4,1,0.9446357488632202
GSM330893,5,4,0.9309661984443665
GSM330894,5,4,0.9461582899093628
GSM330895,5,1,0.44758835434913635
GSM330896,5,4,0.9344168305397034
GSM330897,5,4,0.8387822508811951
GSM330898,5,1,0.45575276017189026
GSM330899,5,4,0.9304091930389404
GSM330900,5,4,0.6950974464416504
GSM330901,5,4,0.8434260487556458
GSM330902,5,4,0.8288964629173279
GSM330903,5,4,0.8312270045280457
GSM330904,5,4,0.9325078725814819
GSM330905,5,4,0.5453988909721375
GSM330906,4,1,0.6015488505363464
GSM330907,5,4,0.888856828212738
GSM330908,5,1,0.5733919143676758
GSM330909,4,1,0.8913972973823547
GSM330910,4,4,0.46938973665237427
GSM330911,4,1,0.8983966708183289
GSM330912,5,4,0.9337137937545776
GSM330913,4,1,0.6420937776565552
GSM330914,5,4,0.9406448602676392
GSM330915,5,4,0.9405117630958557
GSM330916,4,1,0.9454628229141235
GSM330917,5,1,0.6192165017127991
GSM330918,5,1,0.47286495566368103
GSM330919,5,4,0.9333658218383789
GSM330920,4,1,0.9518847465515137
GSM330921,5,1,0.4736771881580353
GSM330922,5,1,0.5446986556053162
GSM330923,5,4,0.9353154301643372
GSM330924,4,1,0.7299240827560425
GSM330925,5,4,0.892058253288269
GSM330926,5,1,0.3891724944114685
GSM330927,5,4,0.7253758907318115
GSM330928,5,4,0.7305492758750916
GSM330929,1,2,0.992441713809967
GSM330930,1,2,0.9957129955291748
GSM330931,1,2,0.9927211999893188
GSM330932,1,2,0.9936113357543945
GSM330933,1,2,0.9939936995506287
GSM330934,1,2,0.9950759410858154
GSM330935,1,2,0.9919236302375793
GSM330936,1,2,0.9922747611999512
GSM330937,1,2,0.9919170141220093
GSM330938,1,2,0.9921824932098389
GSM330939,1,2,0.9946689009666443
GSM330940,1,2,0.9915771484375
GSM330941,1,2,0.9936169981956482
GSM330942,1,2,0.9958229660987854
GSM330943,1,2,0.9944807291030884
GSM330944,1,2,0.991965651512146
GSM330945,1,2,0.9923569560050964
GSM330946,1,2,0.9957234859466553
GSM330947,1,2,0.9923738837242126
GSM330948,1,2,0.9926838278770447
GSM330949,1,2,0.9935800433158875
GSM330950,1,2,0.9923763871192932
GSM330951,1,2,0.99439537525177
GSM330952,1,2,0.9928836226463318
GSM330953,1,2,0.992082953453064
GSM330954,1,2,0.9930517673492432
GSM330955,1,2,0.9923661947250366
GSM330956,1,2,0.9974634647369385
GSM330957,1,2,0.993586003780365
GSM330958,1,2,0.9929615259170532
GSM330959,1,2,0.9957939386367798
GSM330960,1,2,0.992135763168335
GSM330961,1,2,0.9937779307365417
GSM330962,1,2,0.9921360015869141
GSM330963,1,2,0.9941913485527039
GSM330964,1,2,0.9940000772476196
GSM330965,1,2,0.9940611720085144
GSM330966,1,2,0.9908263683319092
GSM330967,1,2,0.9937953352928162
GSM330968,1,2,0.9942417144775391
GSM330969,1,2,0.9942750930786133
GSM330970,1,2,0.9939975738525391
GSM330971,1,2,0.992824375629425
GSM330972,1,2,0.9930517673492432
GSM330973,1,2,0.9920289516448975
GSM330974,1,4,0.4036425054073334
GSM330975,1,2,0.993118405342102
GSM330976,1,2,0.99397873878479
GSM330977,1,2,0.9925566911697388
GSM330978,1,2,0.993351936340332
GSM330979,1,2,0.9920580983161926
GSM330980,1,2,0.9955158829689026
GSM330981,1,2,0.9934605360031128
GSM330982,1,2,0.9929615259170532
GSM330983,1,2,0.9929072856903076
GSM330984,1,2,0.9980944991111755
GSM330985,1,2,0.9941743612289429
GSM330986,1,2,0.993922233581543
GSM330987,1,2,0.9927057027816772
GSM330988,1,2,0.994544506072998
GSM330989,1,2,0.993092954158783
GSM330990,1,2,0.9913020133972168
GSM330991,1,2,0.9918970465660095
GSM330992,1,2,0.9928690791130066
GSM330993,1,2,0.9924107193946838
GSM330994,1,2,0.9928570985794067
GSM330995,1,2,0.991932213306427
GSM330996,1,2,0.9939633011817932
GSM330997,1,2,0.9946476221084595
GSM330998,1,2,0.9934526085853577
GSM330999,1,2,0.9925981760025024
GSM331000,1,2,0.9932981133460999
GSM331001,1,2,0.9917078018188477
GSM331002,1,2,0.9928168654441833
GSM331003,1,2,0.9939101934432983
GSM331004,1,2,0.9941763281822205
GSM331005,1,2,0.9927204847335815
GSM331006,1,2,0.995918869972229
GSM331007,1,2,0.9944900870323181
GSM331008,1,2,0.9956679344177246
GSM331009,1,2,0.9931450486183167
GSM331010,1,2,0.994112491607666
GSM331011,1,2,0.9926178455352783
GSM331012,1,2,0.9924472570419312
GSM331013,1,2,0.9941762685775757
GSM331014,1,2,0.994544506072998
GSM331015,1,2,0.9935990571975708
GSM331016,1,2,0.9926947951316833
GSM331017,1,2,0.9959664344787598
GSM331018,1,2,0.9928786754608154
GSM331019,1,2,0.9929970502853394
GSM331020,1,2,0.9929570555686951
GSM331021,1,2,0.9927560091018677
GSM331022,1,2,0.9939978718757629
GSM331023,1,2,0.9931355118751526
GSM331024,1,2,0.9921895265579224
GSM331025,1,2,0.9925182461738586
GSM331026,1,2,0.9917992949485779
GSM331027,1,2,0.9942405819892883
GSM331028,1,2,0.9916653633117676
GSM331029,1,2,0.9924915432929993
GSM331030,1,2,0.994135320186615
GSM331031,1,2,0.9916778802871704
GSM331032,1,2,0.9918215870857239
GSM331033,1,2,0.9926178455352783
GSM331034,1,2,0.994276762008667
GSM331035,1,2,0.7893413305282593
GSM331036,1,2,0.9936999082565308
GSM331037,1,2,0.9922505021095276
GSM331038,1,2,0.9936333298683167
GSM331039,1,2,0.9923756122589111
GSM331040,1,2,0.9947709441184998
GSM331041,1,2,0.9981440305709839
GSM331042,1,2,0.9934222102165222
GSM331043,1,2,0.993854820728302
GSM331044,1,2,0.9946348667144775
GSM331045,1,2,0.9935044646263123
GSM331046,1,2,0.9921787977218628
GSM331047,1,2,0.9945634007453918
GSM331048,1,2,0.9931079149246216
GSM331049,1,2,0.9940543174743652
GSM331050,1,2,0.9942019581794739
GSM331051,1,2,0.9956068396568298
GSM331052,1,2,0.8598108291625977
GSM331053,1,2,0.9941903948783875
GSM331054,1,2,0.992896556854248
GSM331055,1,2,0.9260584115982056
GSM331056,1,2,0.9933427572250366
GSM331057,1,2,0.9949506521224976
GSM331058,1,2,0.9931738376617432
GSM331059,1,2,0.9946886897087097
GSM331060,1,2,0.9929502606391907
GSM331061,1,2,0.8897428512573242
GSM331062,1,2,0.9912181496620178
GSM331063,1,2,0.9920190572738647
GSM331064,1,2,0.9914464950561523
GSM331065,1,2,0.993435800075531
GSM331066,1,2,0.9931014180183411
GSM331067,1,2,0.9929879307746887
GSM331068,1,2,0.9931450486183167
GSM331069,1,2,0.8684409856796265
GSM331070,1,2,0.9929333925247192
GSM331071,1,2,0.990904688835144
GSM331072,1,2,0.994589626789093
GSM331073,1,2,0.9916201233863831
GSM331074,1,2,0.9947049021720886
GSM331075,1,2,0.9917920827865601
GSM331076,1,2,0.9930525422096252
GSM331077,1,2,0.993351936340332
GSM331078,1,2,0.9944104552268982
GSM331079,1,2,0.9921023845672607
GSM331080,1,2,0.995676577091217
GSM331081,1,2,0.9932090640068054
GSM331082,1,2,0.9921744465827942
GSM331083,1,2,0.99612957239151
GSM331084,1,2,0.9929888248443604
GSM331085,1,2,0.9928090572357178
GSM331086,1,2,0.9920220375061035
GSM331087,1,2,0.9931079149246216
GSM331088,1,2,0.994692862033844
GSM331089,1,2,0.9936909675598145
GSM331090,1,2,0.993351936340332
GSM331091,1,2,0.9924345016479492
GSM331092,1,2,0.8440003991127014
GSM331093,1,2,0.9938125014305115
GSM331094,1,2,0.9922968745231628
GSM331095,1,2,0.9921504855155945
GSM331096,1,2,0.9904153347015381
GSM331097,1,2,0.9928579926490784
GSM331098,1,2,0.9935564398765564
GSM331099,1,2,0.9928017258644104
GSM331100,1,2,0.9942750930786133
GSM331101,1,2,0.9925112724304199
GSM331102,1,2,0.992057204246521
GSM331103,1,2,0.9943581819534302
GSM331104,1,2,0.994139552116394
GSM331105,1,2,0.9944388270378113
GSM331106,1,2,0.9938726425170898
GSM331107,1,2,0.9925012588500977
GSM331108,1,2,0.9947055578231812
GSM331109,1,2,0.9938163757324219
GSM331110,1,2,0.9910390973091125
GSM331111,1,2,0.9919002652168274
GSM331112,1,2,0.992236316204071
GSM331113,1,2,0.9941474199295044
GSM331114,1,2,0.9944535493850708
GSM331115,1,2,0.994879424571991
GSM331116,1,2,0.9924647808074951
GSM331117,1,2,0.933640718460083
GSM331118,1,2,0.9940370321273804
GSM331119,1,2,0.9927960634231567
GSM331120,1,2,0.9929636120796204
GSM331121,1,2,0.9927834272384644
GSM331122,1,2,0.9929879307746887
GSM331123,1,2,0.9947050213813782
GSM331124,1,2,0.9913626313209534
GSM331125,1,2,0.9917247891426086
GSM331126,1,2,0.9925783276557922
GSM331127,1,2,0.992653489112854
GSM331128,1,2,0.9930267930030823
GSM331129,1,2,0.9925950169563293
GSM331130,1,2,0.994369387626648
GSM331131,1,2,0.9928152561187744
GSM331132,1,2,0.9917832016944885
GSM331133,1,2,0.9940520524978638
GSM331134,1,2,0.9931005835533142
GSM331135,1,2,0.9955846667289734
GSM331136,1,2,0.9921826124191284
GSM331137,1,2,0.9927699565887451
GSM331138,1,2,0.9937232732772827
GSM331139,1,2,0.8443307876586914
GSM331140,1,2,0.994770884513855
GSM331141,1,2,0.9906368851661682
GSM331142,1,2,0.9938681125640869
GSM331143,1,2,0.9937739372253418
GSM331144,1,2,0.9928152561187744
GSM331145,1,2,0.8256906867027283
GSM331146,1,2,0.9918991327285767
GSM331147,1,2,0.9921085238456726
GSM331148,1,2,0.9928714036941528
GSM331149,1,2,0.9924770593643188
GSM331150,1,2,0.9939160346984863
GSM331151,1,2,0.9928708672523499
GSM331152,1,2,0.9925735592842102
GSM331153,1,2,0.9945085644721985
GSM331154,1,2,0.9923637509346008
GSM331155,1,2,0.993569552898407
GSM331156,1,2,0.9921703934669495
GSM331157,1,2,0.993824303150177
GSM331158,1,2,0.9941059350967407
GSM331159,1,2,0.8047047853469849
GSM331160,1,2,0.8887425661087036
GSM331161,1,2,0.9951115846633911
GSM331162,1,2,0.992641270160675
GSM331163,1,2,0.9946888089179993
GSM331164,1,2,0.9940860867500305
GSM331165,1,2,0.9943309426307678
GSM331166,1,2,0.9940917491912842
GSM331167,1,2,0.9920388460159302
GSM331168,1,2,0.9920428395271301
GSM331169,1,2,0.9942284226417542
GSM331170,1,2,0.9935761094093323
GSM331171,1,2,0.9931491017341614
GSM331172,1,2,0.9930222034454346
GSM331173,1,2,0.992435097694397
GSM331174,1,2,0.9938065409660339
GSM331175,1,2,0.9944044351577759
GSM331176,1,2,0.9938937425613403
GSM331177,1,2,0.9930534958839417
GSM331178,1,2,0.9953811168670654
GSM331179,1,2,0.991837203502655
GSM331180,1,2,0.9921246767044067
GSM331181,1,2,0.992176353931427
GSM331182,1,2,0.9936773777008057
GSM331183,1,2,0.9911902546882629
GSM331184,1,2,0.9932255148887634
GSM331185,1,2,0.9946260452270508
GSM331186,1,2,0.9938893914222717
GSM331187,1,2,0.9931970834732056
GSM331188,1,2,0.9909073710441589
GSM331189,1,2,0.9943543076515198
GSM331190,1,2,0.9928795695304871
GSM331191,1,2,0.9933039546012878
GSM331192,1,2,0.9920382499694824
GSM331193,1,2,0.99265456199646
GSM331194,1,2,0.9925298094749451
GSM331195,1,2,0.9951658248901367
GSM331196,1,2,0.9938209056854248
GSM331197,1,2,0.9927285313606262
GSM331198,1,2,0.992793083190918
GSM331199,1,2,0.9924402236938477
GSM331200,1,2,0.9916892051696777
GSM331201,1,2,0.9934589266777039
GSM331202,1,2,0.9959778189659119
GSM331203,1,2,0.9942815899848938
GSM331204,1,2,0.9926838278770447
GSM331205,1,2,0.991217315196991
GSM331206,1,2,0.9931017756462097
GSM331207,1,2,0.9956179857254028
GSM331208,1,2,0.9948990345001221
GSM331209,1,2,0.993502140045166
GSM331210,1,2,0.9944831728935242
GSM331211,1,2,0.9919244647026062
GSM331212,1,2,0.9947547912597656
GSM331213,1,2,0.993874192237854
GSM331214,1,2,0.994368314743042
GSM331215,1,2,0.9943494200706482
GSM331216,1,2,0.994256317615509
GSM331217,1,2,0.9918206930160522
GSM331218,1,2,0.9939466714859009
GSM331219,1,2,0.9919146299362183
GSM331220,1,2,0.9944258332252502
GSM331221,1,2,0.9936465620994568
GSM331222,1,2,0.9941556453704834
GSM331223,1,2,0.9939255714416504
GSM331224,1,2,0.9938525557518005
GSM331225,1,2,0.9930399656295776
GSM331226,1,2,0.9930279850959778
GSM331227,1,2,0.9945734739303589
GSM331228,1,2,0.9918842315673828
GSM331229,1,2,0.9925206899642944
GSM331230,1,2,0.9959179162979126
GSM331231,1,2,0.993351936340332
GSM331232,1,2,0.9925997853279114
GSM331233,1,2,0.9930587410926819
GSM331234,1,2,0.9941163063049316
GSM331235,1,2,0.9930279850959778
GSM331236,1,2,0.9978222846984863
GSM331237,1,2,0.9942840337753296
GSM331238,1,2,0.99266517162323
GSM331239,1,2,0.9932155609130859
GSM331240,1,2,0.9929614663124084
GSM331241,1,2,0.9945085644721985
GSM331242,1,2,0.9950878024101257
GSM331243,1,2,0.9925997853279114
GSM331244,1,2,0.9914249181747437
GSM331245,1,2,0.9956471920013428
GSM331246,1,2,0.992682933807373
GSM331247,1,2,0.9942089915275574
GSM331248,1,2,0.9935044646263123
GSM331249,1,2,0.9922147989273071
GSM331250,1,2,0.993881106376648
GSM331251,1,2,0.9946888089179993
GSM331252,1,2,0.9937505125999451
GSM331253,1,2,0.9922677278518677
GSM331254,1,2,0.9926230311393738
GSM331255,1,2,0.9919707775115967
GSM331256,1,2,0.9932408928871155
GSM331257,1,2,0.9930928349494934
GSM331258,1,2,0.994121789932251
GSM331259,1,2,0.9928176999092102
GSM331260,1,2,0.9928481578826904
GSM331261,1,2,0.9921249747276306
GSM331262,1,2,0.9921576380729675
GSM331263,1,2,0.9927111268043518
GSM331264,1,2,0.993833065032959
GSM331265,1,2,0.992099404335022
GSM331266,1,2,0.9938883185386658
GSM331267,1,2,0.9937471151351929
GSM331268,1,2,0.9956780672073364
GSM331269,1,2,0.9901920557022095
GSM331270,1,2,0.9924846291542053
GSM331271,1,2,0.9922135472297668
GSM331272,1,2,0.9920800924301147
GSM331273,1,2,0.9926299452781677
GSM331274,1,2,0.9925112724304199
GSM331275,1,2,0.9911869168281555
GSM331276,1,2,0.9917216897010803
GSM331277,1,2,0.9931442141532898
GSM331278,1,2,0.9931495189666748
GSM331279,1,2,0.9928786754608154
GSM331280,5,4,0.9321197271347046
GSM331281,1,2,0.9894068241119385
GSM331282,1,2,0.9938606023788452
GSM331283,1,2,0.9924448132514954
GSM331284,1,2,0.994001030921936
GSM331285,1,2,0.99406498670578
GSM331286,1,2,0.990617573261261
GSM331287,1,2,0.9911640286445618
GSM331288,1,2,0.9927699565887451
GSM331289,1,2,0.9916008114814758
GSM331290,1,2,0.9954869747161865
GSM331291,1,2,0.9923045635223389
GSM331292,1,2,0.9947969317436218
GSM331293,1,2,0.9943517446517944
GSM331294,1,2,0.9932466149330139
GSM331295,1,2,0.9961113929748535
GSM331296,1,2,0.9915118217468262
GSM331297,1,2,0.9953762888908386
GSM331298,1,2,0.9944776296615601
GSM331299,1,2,0.9946328401565552
GSM331300,1,2,0.9929914474487305
GSM331301,1,2,0.9896463751792908
GSM331302,1,2,0.9929957985877991
GSM331303,1,2,0.9936192035675049
GSM331304,1,2,0.9939848184585571
GSM331305,1,2,0.9961866140365601
GSM331306,1,2,0.9939632415771484
GSM331307,1,2,0.9914581179618835
GSM331308,1,2,0.993351936340332
GSM331309,1,2,0.9926241040229797
GSM331310,1,2,0.9960864782333374
GSM331311,1,2,0.9935293197631836
GSM331312,1,2,0.994315505027771
GSM331313,1,2,0.9934841990470886
GSM331314,1,2,0.992371678352356
GSM331315,1,2,0.9928168654441833
GSM331316,1,2,0.9955769181251526
GSM331317,1,2,0.9916403293609619
GSM331318,1,2,0.9923170208930969
GSM331319,1,2,0.9941600561141968
GSM331320,1,2,0.9916998744010925
GSM331321,1,2,0.9913456439971924
GSM331322,5,4,0.899059534072876
GSM331323,1,2,0.9923961162567139
GSM331324,1,2,0.9923344254493713
GSM331325,1,2,0.9941152334213257
GSM331326,1,2,0.9944608807563782
GSM331327,1,2,0.9941115379333496
GSM331328,1,2,0.993272066116333
GSM331329,1,2,0.9927196502685547
GSM331330,1,2,0.9937734007835388
GSM331331,1,2,0.9937791228294373
GSM331332,1,2,0.992436945438385
GSM331333,1,2,0.9924440979957581
GSM331334,1,2,0.9942554831504822
GSM331335,1,2,0.9923394918441772
GSM331336,1,2,0.9926736354827881
GSM331337,1,2,0.9961832761764526
GSM331338,1,2,0.9929986000061035
GSM331339,1,2,0.9940881133079529
GSM331340,1,2,0.9926907420158386
GSM331341,1,2,0.9929530620574951
GSM331342,1,2,0.9935743808746338
GSM331343,1,2,0.993351936340332
GSM331344,1,2,0.9933569431304932
GSM331345,1,2,0.9942029118537903
GSM331346,1,2,0.9927386045455933
GSM331347,1,2,0.9955758452415466
GSM331348,1,2,0.990293025970459
GSM331349,1,2,0.9926254749298096
GSM331350,1,2,0.99577397108078
GSM331351,1,2,0.9980731010437012
GSM331352,1,2,0.9940778017044067
GSM331353,1,2,0.9918962717056274
GSM331354,1,2,0.9938815236091614
GSM331355,1,2,0.9940786957740784
GSM331356,1,2,0.9945968389511108
GSM331357,1,2,0.9932583570480347
GSM331358,1,2,0.9952502250671387
GSM331359,1,2,0.9934570789337158
GSM331360,1,2,0.9955915808677673
GSM331361,1,2,0.9956152439117432
GSM331362,1,2,0.9924204349517822
GSM331363,1,2,0.9936259984970093
GSM331364,1,2,0.9927181005477905
GSM331365,1,2,0.9927716851234436
GSM331366,1,2,0.9928705096244812
GSM331367,1,2,0.9931224584579468
GSM331368,1,2,0.9927499294281006
GSM331369,1,2,0.9949219226837158
GSM331370,1,2,0.9938392043113708
GSM331371,1,2,0.9915862679481506
GSM331372,1,2,0.9941532611846924
GSM331373,1,2,0.9934915900230408
GSM331374,1,2,0.9922423958778381
GSM331375,1,2,0.994101881980896
GSM331376,1,2,0.9925988912582397
GSM331377,5,4,0.939807653427124
GSM331378,5,4,0.9308454394340515
GSM331379,5,4,0.9334933757781982
GSM331380,5,4,0.9307467341423035
GSM331381,5,4,0.9339171648025513
GSM331382,5,4,0.9438450336456299
GSM331383,5,4,0.9261987209320068
GSM331384,5,4,0.9288793802261353
GSM331385,5,4,0.9348577260971069
GSM331386,5,4,0.934611976146698
GSM331387,5,4,0.9333208203315735
GSM331388,5,4,0.9327041506767273
GSM331389,5,4,0.9298449158668518
GSM331390,5,4,0.9323626756668091
GSM331391,5,4,0.930464506149292
GSM331392,5,4,0.9398545622825623
GSM331393,5,4,0.9352741241455078
GSM331394,5,4,0.9321709275245667
GSM331395,5,4,0.9332970380783081
GSM331396,5,4,0.9346173405647278
GSM331397,5,4,0.9320705533027649
GSM331398,5,4,0.9292289018630981
GSM331399,5,4,0.9318106174468994
GSM331400,5,4,0.9349891543388367
GSM331401,5,4,0.940281867980957
GSM331402,5,4,0.9396126866340637
GSM331403,5,4,0.932692289352417
GSM331404,5,4,0.9367222189903259
GSM331405,5,4,0.9346621036529541
GSM331406,5,4,0.931062638759613
GSM331407,5,4,0.9293382167816162
GSM331408,5,4,0.9271314740180969
GSM331409,5,4,0.9287365674972534
GSM331410,5,4,0.9365538358688354
GSM331411,5,4,0.9351956844329834
GSM331412,5,4,0.9361299276351929
GSM331413,5,4,0.9375997185707092
GSM331414,5,4,0.9321079850196838
GSM331415,5,4,0.9409604668617249
GSM331416,5,4,0.930084228515625
GSM331417,5,4,0.9315630197525024
GSM331418,5,4,0.9309329986572266
GSM331419,5,4,0.9300698637962341
GSM331420,5,4,0.930245041847229
GSM331421,5,4,0.9327110052108765
GSM331422,5,4,0.9353305101394653
GSM331423,5,4,0.9306471347808838
GSM331424,5,4,0.934699535369873
GSM331425,5,4,0.8895387053489685
GSM331426,5,4,0.9413282871246338
GSM331427,5,4,0.9366471171379089
GSM331428,5,4,0.9482534527778625
GSM331429,5,4,0.9340860843658447
GSM331430,5,4,0.9343656897544861
GSM331431,5,4,0.933732271194458
GSM331432,5,4,0.9380916357040405
GSM331433,5,4,0.9290986657142639
GSM331434,5,4,0.9311283230781555
GSM331435,5,4,0.9344185590744019
GSM331436,3,3,0.9613627195358276
GSM331437,5,4,0.9396997690200806
GSM331438,5,4,0.9353839159011841
GSM331439,5,4,0.933413565158844
GSM331440,5,4,0.9297761917114258
GSM331441,5,4,0.9292424321174622
GSM331442,5,4,0.9441109299659729
GSM331443,5,4,0.9341132640838623
GSM331444,5,4,0.9340404868125916
GSM331445,5,1,0.9340479969978333
GSM331446,5,4,0.9326533675193787
GSM331447,5,4,0.9365420341491699
GSM331448,5,4,0.9326916933059692
GSM331449,5,4,0.9332910776138306
GSM331450,5,4,0.9378226399421692
GSM331451,5,4,0.9350492358207703
GSM331452,5,4,0.9271946549415588
GSM331453,5,4,0.9337177276611328
GSM331454,5,4,0.9285485744476318
GSM331455,5,4,0.9356898665428162
GSM331456,5,4,0.936442494392395
GSM331457,5,4,0.9354986548423767
GSM331458,5,4,0.9322488903999329
GSM331459,5,4,0.9322488903999329
GSM331460,5,4,0.9331334829330444
GSM331461,5,4,0.9313948154449463
GSM331462,5,4,0.9346526265144348
GSM331463,5,4,0.8896030783653259
GSM331464,5,4,0.9307788610458374
GSM331465,5,4,0.9304285645484924
GSM331466,5,4,0.9382876753807068
GSM331467,5,4,0.9384509921073914
GSM331468,5,4,0.9331768155097961
GSM331469,5,4,0.932612955570221
GSM331470,5,4,0.9373709559440613
GSM331471,5,4,0.9332696199417114
GSM331472,5,4,0.9401402473449707
GSM331473,5,4,0.8751711845397949
GSM331474,5,4,0.9433578252792358
GSM331475,5,4,0.9328942894935608
GSM331476,5,4,0.9328872561454773
GSM331477,5,4,0.9379029273986816
GSM331478,5,4,0.9389492869377136
GSM331479,5,4,0.9342494606971741
GSM331480,5,4,0.9390555024147034
GSM331481,5,4,0.9304913878440857
GSM331482,5,4,0.9298459887504578
GSM331483,5,4,0.9341596364974976
GSM331484,5,4,0.8720324635505676
GSM331485,5,4,0.9285486340522766
GSM331486,5,4,0.9351346492767334
GSM331487,5,4,0.9417697787284851
GSM331488,5,4,0.8818036317825317
GSM331489,5,4,0.9350418448448181
GSM331490,5,4,0.9272325038909912
GSM331491,5,4,0.9275649785995483
GSM331492,5,4,0.9322479963302612
GSM331493,5,4,0.9320027232170105
GSM331494,5,4,0.9301122426986694
GSM331495,5,4,0.9392317533493042
GSM331496,5,4,0.9427672624588013
GSM331497,5,4,0.8718164563179016
GSM331498,5,4,0.9312262535095215
GSM331499,5,4,0.8508992791175842
GSM331500,5,4,0.93317049741745
GSM331501,5,4,0.933130145072937
GSM331502,5,4,0.9343475699424744
GSM331503,5,4,0.9356532096862793
GSM331504,5,4,0.9339050650596619
GSM331505,5,4,0.9397905468940735
GSM331506,5,4,0.9424395561218262
GSM331507,5,4,0.9329556822776794
GSM331508,5,4,0.9312329292297363
GSM331509,5,4,0.9344004988670349
GSM331510,5,4,0.9321848750114441
GSM331511,5,4,0.9346736073493958
GSM331512,5,4,0.9346147775650024
GSM331513,5,4,0.938804566860199
GSM331514,5,4,0.9444552659988403
GSM331515,5,4,0.934311032295227
GSM331516,5,4,0.9354541897773743
GSM331517,5,4,0.9336649179458618
GSM331518,5,4,0.9306254982948303
GSM331519,5,4,0.9328075647354126
GSM331520,5,4,0.933821976184845
GSM331521,5,4,0.9398719668388367
GSM331522,5,4,0.9315767884254456
GSM331523,5,4,0.9312262535095215
GSM331524,5,4,0.9428849220275879
GSM331525,5,4,0.9362739324569702
GSM331526,5,4,0.8288987874984741
GSM331527,5,4,0.9388723373413086
GSM331528,5,4,0.9350948333740234
GSM331529,5,4,0.9329777359962463
GSM331530,5,4,0.9363724589347839
GSM331531,5,4,0.9355001449584961
GSM331532,5,4,0.8228947520256042
GSM331533,5,4,0.9354181289672852
GSM331534,5,4,0.9396725296974182
GSM331535,5,4,0.9365594387054443
GSM331536,5,4,0.9397985339164734
GSM331537,5,4,0.9326250553131104
GSM331538,5,4,0.9383110404014587
GSM331539,5,4,0.9383516311645508
GSM331540,5,4,0.9288039207458496
GSM331541,5,4,0.9278549551963806
GSM331542,5,4,0.9331520795822144
GSM331543,5,4,0.9351646900177002
GSM331544,5,4,0.9356898665428162
GSM331545,5,4,0.9307868480682373
GSM331546,5,4,0.9305465817451477
GSM331547,5,4,0.9296030402183533
GSM331548,5,4,0.9365004301071167
GSM331549,5,4,0.9338182806968689
GSM331550,5,4,0.9300491213798523
GSM331551,5,4,0.9383015036582947
GSM331552,5,4,0.9490983486175537
GSM331553,5,4,0.9352314472198486
GSM331554,5,4,0.9328180551528931
GSM331555,5,4,0.9344185590744019
GSM331556,5,4,0.9337390065193176
GSM331557,5,4,0.9341636300086975
GSM331558,5,4,0.8786591291427612
GSM331559,5,4,0.9323102235794067
GSM331560,5,4,0.9331288933753967
GSM331561,5,4,0.9404760599136353
GSM331562,5,4,0.6050747632980347
GSM331563,5,4,0.9410766363143921
GSM331564,5,4,0.880486786365509
GSM331565,5,4,0.9294970035552979
GSM331566,5,4,0.9324935674667358
GSM331567,5,4,0.9344109892845154
GSM331568,5,4,0.9327033758163452
GSM331569,5,4,0.9350418448448181
GSM331570,5,4,0.932959258556366
GSM331571,5,4,0.942557156085968
GSM331572,5,4,0.9326316118240356
GSM331573,5,4,0.9337471127510071
GSM331574,5,4,0.9272478818893433
GSM331575,5,4,0.8861838579177856
GSM331576,5,4,0.93404221534729
GSM331577,5,4,0.9344509840011597
GSM331578,5,4,0.9335183501243591
GSM331579,5,4,0.9318140745162964
GSM331580,5,4,0.9394150376319885
GSM331581,5,4,0.9351001977920532
GSM331582,5,4,0.9326378703117371
GSM331583,5,4,0.9325932860374451
GSM331584,5,4,0.9307427406311035
GSM331585,5,4,0.9355450868606567
GSM331586,5,4,0.9402238130569458
GSM331587,5,4,0.9328065514564514
GSM331588,5,4,0.8840513229370117
GSM331589,5,4,0.9287955164909363
GSM331590,5,4,0.933303952217102
GSM331591,5,4,0.9322234392166138
GSM331592,5,4,0.9311469197273254
GSM331593,5,4,0.9353188276290894
GSM331594,5,4,0.8889555335044861
GSM331595,5,4,0.8870010375976562
GSM331596,5,4,0.9351422190666199
GSM331597,5,4,0.9344168305397034
GSM331598,5,4,0.9331520795822144
GSM331599,5,4,0.9329855442047119
GSM331600,5,4,0.9283207058906555
GSM331601,5,4,0.9392251968383789
GSM331602,5,4,0.9405831694602966
GSM331603,5,4,0.9294785261154175
GSM331604,5,4,0.9313983917236328
GSM331605,5,4,0.9344437122344971
GSM331606,5,4,0.885997474193573
GSM331607,5,4,0.9334232807159424
GSM331608,5,4,0.9345438480377197
GSM331609,5,4,0.9395485520362854
GSM331610,5,4,0.9334232807159424
GSM331611,5,4,0.8975889086723328
GSM331612,5,4,0.9354612231254578
GSM331613,5,4,0.9337653517723083
GSM331614,5,4,0.9347543120384216
GSM331615,5,4,0.8972241878509521
GSM331616,5,4,0.9356851577758789
GSM331617,5,4,0.922987699508667
GSM331618,5,4,0.7267051339149475
GSM331619,5,4,0.9335737824440002
GSM331620,5,4,0.9304727911949158
GSM331621,5,4,0.9288970232009888
GSM331622,5,4,0.9358994364738464
GSM331623,5,4,0.931783139705658
GSM331624,5,4,0.9324935674667358
GSM331625,5,4,0.8727110624313354
GSM331626,5,4,0.9358247518539429
GSM331627,5,4,0.931755781173706
GSM331628,5,4,0.9394916892051697
GSM331629,5,4,0.9299167394638062
GSM331630,5,4,0.9336020350456238
GSM331631,5,4,0.9346821904182434
GSM331632,5,4,0.9340242743492126
GSM331633,5,4,0.9413074851036072
GSM331634,5,4,0.9296342730522156
GSM331635,5,4,0.9356653094291687
GSM331636,5,4,0.9320899844169617
GSM331637,5,4,0.9370694756507874
GSM331638,5,4,0.9305320382118225
GSM331639,5,4,0.9433185458183289
GSM331640,5,4,0.9332985281944275
GSM331641,5,4,0.9355376362800598
GSM331642,5,4,0.8790096044540405
GSM331643,5,4,0.9310153722763062
GSM331644,5,4,0.9338836073875427
GSM331645,5,4,0.8729619383811951
GSM331646,5,4,0.9342809915542603
GSM331647,5,4,0.928165078163147
GSM331648,5,4,0.9372835159301758
GSM331649,5,4,0.932959258556366
GSM331650,5,4,0.9289224147796631
GSM331651,5,4,0.9326735138893127
GSM331652,5,4,0.9376505613327026
GSM331653,5,4,0.93404221534729
GSM331654,5,4,0.9349402189254761
GSM331655,5,4,0.930838406085968
GSM331656,5,4,0.9390283226966858
GSM331657,5,4,0.713196873664856
GSM331658,5,4,0.9412897229194641
GSM331659,5,4,0.9334679245948792
GSM331660,5,4,0.9325932860374451
GSM331661,5,4,0.9327585101127625
GSM331662,5,4,0.9320259690284729
GSM331663,5,4,0.9406296014785767
GSM331664,5,4,0.9319943189620972
GSM331665,5,4,0.9380696415901184
GSM331666,5,4,0.939029335975647
GSM331667,1,2,0.6905031204223633
GSM331668,5,4,0.9330435991287231
GSM331669,5,4,0.9385870099067688
GSM331670,5,4,0.9322785139083862
GSM331671,5,4,0.9347852468490601
GSM331672,5,4,0.9324028491973877
GSM331673,5,4,0.9380759596824646
GSM331674,5,4,0.9343973398208618
GSM331675,5,4,0.9401522874832153
GSM331676,5,4,0.9300147294998169
GSM331677,5,4,0.9279971718788147
GSM331678,5,4,0.9312329292297363
GSM331679,5,4,0.9360713362693787
GSM331680,5,4,0.9296568036079407
GSM331681,5,4,0.9318106174468994
GSM331682,5,4,0.93404221534729
GSM331683,5,4,0.9349353313446045
GSM331684,5,4,0.9310677647590637
GSM331685,5,4,0.932526171207428
GSM331686,5,4,0.9325697422027588
GSM331687,5,4,0.9312829971313477
GSM331688,5,4,0.9315841794013977
GSM331689,5,4,0.9335219860076904
GSM331690,5,4,0.9369301199913025
GSM331691,5,4,0.8844217658042908
GSM331692,5,4,0.9365332722663879
GSM331693,5,4,0.9339869022369385
GSM331694,5,4,0.9298374652862549
GSM331695,5,4,0.9371992349624634
GSM331696,5,4,0.9309917092323303
GSM331697,5,4,0.934311032295227
GSM331698,5,4,0.9311015009880066
GSM331699,5,4,0.9331658482551575
GSM331700,5,4,0.9352845549583435
GSM331701,5,4,0.9341648817062378
GSM331702,5,4,0.944581151008606
GSM331703,5,4,0.9334232807159424
GSM331704,5,4,0.9303765892982483
GSM331705,5,4,0.9354987144470215
GSM331706,5,4,0.9342322945594788
GSM331707,5,4,0.9294381141662598
GSM331708,5,4,0.9397376179695129
GSM331709,5,4,0.9305320382118225
GSM331710,5,4,0.935773491859436
GSM331711,5,4,0.942090630531311
GSM331712,5,4,0.931458055973053
GSM331713,5,4,0.9328012466430664
GSM331714,5,4,0.9388944506645203
GSM331715,5,4,0.938825786113739
GSM331716,5,4,0.9350109100341797
GSM331717,5,4,0.9268661737442017
GSM331718,5,4,0.9339869022369385
GSM331719,5,4,0.9403165578842163
GSM331720,5,4,0.9325323700904846
GSM331721,5,4,0.9318222403526306
GSM331722,5,4,0.9286713600158691
GSM331723,5,4,0.930753767490387
GSM331724,5,4,0.931594967842102
GSM331725,5,4,0.9341825842857361
GSM331726,5,4,0.9323523640632629
GSM331727,5,4,0.9358895421028137
GSM331728,5,4,0.9276096820831299
GSM331729,5,4,0.9338598251342773
GSM331730,5,4,0.9385546445846558
GSM331731,5,4,0.9358526468276978
GSM331732,5,4,0.9340860843658447
